device_key,description,unit,unit_price_usd,currency,updated_at,updated_price_usd,update_note
CURB,Curb / curb detail,EA,199.0,USD,2026-09-15T10:17:28Z,199.0,supplier rate revised
CURB DETAIL,Curb detail,EA,191.76,USD,2026-09-28T08:14:29Z,,
VENT CURB,Vent curb,EA,218.15,USD,2026-09-28T08:14:29Z,,
EXHAUST FAN,Exhaust fan,EA,1255.26,USD,2026-09-28T08:14:29Z,,
HATCH DETAIL,Hatch / heat detail,EA,2749.75,USD,2026-09-28T08:14:29Z,,
ROOF HATCH,Roof hatch,EA,2741.05,USD,2026-09-28T08:14:29Z,,
ROOF ACCESS HATCH,Roof access hatch,EA,2843.55,USD,2026-09-28T08:14:29Z,,
HEAT STACK,Heat stack,EA,419.81,USD,2026-09-28T08:14:29Z,,
PIPE HOUSING,Pipe housing,EA,398.71,USD,2026-09-28T08:14:29Z,,
PIPE PENETRATION,Pipe penetration,EA,283.24,USD,2026-09-28T08:14:29Z,,
PIPE TUBE PENETRATION,Pipe/tube penetration,EA,306.13,USD,2026-09-28T08:14:29Z,,
PLUMBING STACK,Plumbing stack,EA,509.38,USD,2026-09-28T08:14:29Z,,
ROOF DRAIN,Roof drain,EA,653.39,USD,2026-09-28T08:14:29Z,,
ROOF DRAIN OVERFLOW,Roof drain overflow,EA,714.31,USD,2026-09-28T08:14:29Z,,
SKYLIGHT,Skylight,EA,1806.38,USD,2026-09-28T08:14:29Z,,
VENT INTAKE,Vent intake,EA,479.66,USD,2026-09-28T08:14:29Z,,
PASSIVE AIR VENT,Passive air vent,EA,373.99,USD,2026-09-28T08:14:29Z,,
DATA RACK,Data rack,EA,2055.45,USD,2026-09-28T08:14:29Z,,
GROUND BOX,Ground box,EA,145.41,USD,2026-09-28T08:14:29Z,,
JUNCTION BOX,Junction box,EA,98.67,USD,2026-09-28T08:14:29Z,,
CONDUIT STUB,Conduit stub,EA,98.0,USD,2026-09-15T10:11:07Z,98.0,Price hike and change the vendor
SURFACE RACEWAY,Surface raceway,LF,29.1,USD,2026-09-28T08:14:29Z,,
J HOOK,J-hook,EA,12.27,USD,2026-09-28T08:14:29Z,,
DATA POLE,Data pole,EA,924.08,USD,2026-09-28T08:14:29Z,,
NETWORK CAMERA,Network camera,EA,796.23,USD,2026-09-28T08:14:29Z,,
DEFAULT,Unlisted detected device,EA,155.74,USD,2026-09-28T08:14:29Z,,
APWP,Apwp,EA,385.0,USD,2026-09-24T08:53:12Z,385.0,vendor update
CONDUIT STUB 2,Conduit Stub 2,EA,140.13,USD,2026-09-24T08:44:21Z,,
DATA DROP LOCATION INTERIORSPEAKER,Data Drop Location  Interiorspeaker,EA,137.94,USD,2026-09-24T08:44:21Z,,
DATA DROP LOCATION SPEAKER,Data Drop Location Speaker,EA,464.36,USD,2026-09-24T08:44:21Z,,
DATA PERMANENT LINK,Data Permanent Link,EA,26.51,USD,2026-09-24T08:44:21Z,,
EXTERIOR WIRELESS ACESS POINT HIGH DENSITY,Exterior Wireless Acess Point High Density,EA,234.96,USD,2026-09-24T08:44:21Z,,
FIRE ALARAM CONTROL PANNEL,Fire Alaram Control Pannel,EA,37.86,USD,2026-09-24T08:44:21Z,,
GROUND BUS BAR,Ground Bus Bar,EA,32.9,USD,2026-09-24T08:44:21Z,,
IACP,Iacp,EA,177.91,USD,2026-09-24T08:44:21Z,,
INTERCOM CONSOLE,Intercom Console,EA,86.59,USD,2026-09-24T08:44:21Z,,
INTERIOR ENCLOSURE,Interior Enclosure,EA,20.67,USD,2026-09-24T08:44:21Z,,
INTERIOR SPEAKER,Interior Speaker,EA,46.14,USD,2026-09-24T08:44:21Z,,
INTERIOR WIRELESS ACESS POINT,Interior Wireless Acess Point,EA,35.97,USD,2026-09-24T08:44:21Z,,
INTERIOR WIRELESS ACESS POINT HIGH DENSITY,Interior Wireless Acess Point High Density,EA,1210.96,USD,2026-09-24T08:44:21Z,,
IP CONSOLE PHONE,Ip Console Phone,EA,21.86,USD,2026-09-24T08:44:21Z,,
LADDER,Ladder,EA,13.02,USD,2026-09-24T08:44:21Z,,
LAY IN SPEAKERIP MODULE,Lay In Speakerip Module,EA,1535.77,USD,2026-09-24T08:44:21Z,,
LAYER INTERCOM SPEAKER 25V,Layer Intercom Speaker 25V,EA,1469.93,USD,2026-09-24T08:44:21Z,,
MINIMUM POINT OF ENTRY,Minimum Point Of Entry,EA,55.36,USD,2026-09-24T08:44:21Z,,
MODULE BOGEN,Module Bogen,EA,773.95,USD,2026-09-24T08:44:21Z,,
MODULE COMBO BOX,Module Combo Box,EA,980.03,USD,2026-09-24T08:44:21Z,,
MOUNT,Mount,EA,58.38,USD,2026-09-24T08:44:21Z,,
NA LO,Na-Lo,EA,1131.88,USD,2026-09-24T08:44:21Z,,
NEMA4,Nema4,EA,1406.14,USD,2026-09-24T08:44:21Z,,
NETWORK VIDEO RECORDER,Network Video Recorder,EA,1902.71,USD,2026-09-24T08:44:21Z,,
NQ CC,Nq-Cc,EA,1424.36,USD,2026-09-24T08:44:21Z,,
NQ MIX,Nq-Mix,EA,407.48,USD,2026-09-24T08:44:21Z,,
PHONE HANDSETEQUIPMENT,Phone Handsetequipment,EA,17.76,USD,2026-09-24T08:44:21Z,,
SIGNAL TERMINAL CABINATE,Signal Terminal Cabinate,EA,143.23,USD,2026-09-24T08:44:21Z,,
SINGEL NETWORK CAMERA,Singel Network Camera,EA,53.4,USD,2026-09-24T08:44:21Z,,
SURFACE RACEWAY WM2300,Surface Raceway Wm2300,EA,272.56,USD,2026-09-24T08:44:21Z,,
SURFACE REACEWAY WM 5400,Surface Reaceway Wm 5400,EA,100.65,USD,2026-09-24T08:44:21Z,,
SURFACE REACEWAY WM 5500,Surface Reaceway Wm 5500,EA,533.21,USD,2026-09-24T08:44:21Z,,
TEL,Tel,EA,55.27,USD,2026-09-24T08:44:21Z,,
WALL MOUNT,Wall Mount,EA,26.95,USD,2026-09-24T08:44:21Z,,
WINDOW MARK AND TYPE,Window Mark And Type,EA,65.48,USD,2026-09-24T08:44:21Z,,
WIRE GUARD,Wire Guard,EA,264.84,USD,2026-09-24T08:44:21Z,,
