class,instances_val,precision,recall,f1,AP50,AP50-95
PLUMBING STACK,11,1,0.7883652635273727,0,0,0
LADDER,7,0.760720990259227,0.2857142857142857,0.4154081181133283,0.6529444444444445,0.4709959770114942
IACP,2,0.5534552448014008,0.5,0.5253713886115201,0.8283333333333331,0.6455
SURFACE RACEWAY WM2300,56,0.8839691823465251,0.5443005669302007,0.6737451764187974,0.8812130848366504,0.5320228732788314
SURFACE REACEWAY WM 5400,151,0.9182982096024993,0.9238106018771917,0.9210461579999724,0.9493585183724782,0.4689916448699093
JUNCTION BOX,26,0.952814316927908,1,0.9758370866789206,0.9694444444444446,0.7674931482747274
MODULE COMBO BOX,52,0.9514900672227146,1,0.9751421062335598,0.973888888888889,0.7831398595620941
J HOOK,34,1,0.7893045551289283,0.8694841656111313,0.977929211926806,0.5526623430382077
DATA PERMANENT LINK,67,0.9833545804043072,0.9684879390125348,0.9758646421729199,0.9845081967213115,0.5411622380461422
DATA POLE,19,1,0.9145724999437136,0.9553803786177865,0.986304347826087,0.6424251662056859
CONDUIT STUB,62,0.9683305998530851,0.9863627307067659,0.9772634916848555,0.9922775423728812,0.639153296201372
INTERIOR WIRELESS ACESS POINT,38,0.9740045445408055,0.9861772370914178,0.9800530947184946,0.9944871794871796,0.6357915995591409
DATA DROP LOCATION  INTERIORSPEAKER,9,0.7279190723639984,1,0.899360398843269,0.995,0.8955
DATA RACK,16,0.9913116914411003,1,0.9956368917049786,0.995,0.7834336080586082
FIRE ALARAM CONTROL PANNEL,3,0.8359880505943842,1,0.9106682914670831,0.995,0.8955
EXHAUST FAN,9,0.9515018067779496,1,0.9751482714217293,0.995,0.747
INTERCOM CONSOLE,3,0.7051093691864828,1,0.8270547120656482,0.995,0.752
HEAT STACK,4,0.9447608491365903,1,0.9715959158227943,0.995,0.5835
GROUND BUS BAR,3,0.9223671272046312,1,0.9596160006604686,0.995,0.7575833333333334
GROUND BOX,3,0.9115096708975392,1,0.9537065752532078,0.995,0.8625
EXTERIOR WIRELESS ACESS POINT HIGH DENSITY,1,0.8022917668525147,1,0.8903017609114651,0.995,0.9949999999999999
INTERIOR WIRELESS ACESS POINT HIGH DENSITY,1,0.9206033188834634,1,0.9586605519547401,0.995,0.8955
INTERIOR ENCLOSURE,1,0.7657693807457289,1,0.8673492576050053,0.995,0.6965
INTERIOR SPEAKER,7,0.9595564615758545,1,0.9793608710862961,0.995,0.8111666666666666
LAY IN SPEAKERIP MODULE,4,0.9161348009997129,1,0.9562320986203415,0.995,0.8600416666666668
MINIMUM POINT OF ENTRY,2,0.7155558958458088,1,0.8341971224353761,0.995,0.82075
MODULE BOGEN,10,0.9701205656470058,1,0.9848337026301832,0.995,0.7048166666666666
MOUNT,5,0.9465310111099455,1,0.97253113945533,0.995,0.7777499999999999
NEMA4,1,0.9314586535875773,1,0.9645131692127549,0.995,0.796
CONDUIT STUB 2,10,0.9876408415890857,1,0.9937819961472348,0.995,0.879892857142857
DATA DROP LOCATION SPEAKER,11,0.7095902393336743,1,0.8301290250817558,0.995,0.8955
APWP,5,0.9388656741785032,1,0.9684690246283311,0.995,0.9349999999999999
PHONE HANDSETEQUIPMENT,3,0.5360966140875697,1,0.6979985622922646,0.995,0.7855
NETWORK VIDEO RECORDER,2,0.8938430228001033,1,0.9439462638022974,0.995,0.7212500000000001
NETWORK CAMERA,7,0.9377366214073346,1,0.9678679868539385,0.995,0.8205666666666666
ROOF HATCH,3,0.7817750216936902,1,0.877523831208009,0.995,0.8955
SINGEL NETWORK CAMERA,3,0.9103138721795712,1,0.9530516272082025,0.995,0.9289999999999999
SIGNAL TERMINAL CABINATE,2,0.8820899647596484,1,0.9373515413991333,0.995,0.6217499999999999
WIRE GUARD,3,0.9462342002779498,1,0.9723744451133519,0.995,0.7965000000000001
ROOF DRAIN,8,0.7051093691864828,0.7893045551289283,0.8270547120656482,0.8283333333333331,0.5320228732788314
PIPE PENETRATION,6,0.5534552448014008,0.7893045551289283,0.6737451764187974,0.6529444444444445,0.5526623430382077
CURB,13,0.7051093691864828,0.9145724999437136,0.8270547120656482,0.8283333333333331,0.7212500000000001
PIPE HOUSING,4,0.5360966140875697,0.7883652635273727,0.6979985622922646,0.8283333333333331,0.5411622380461422
